Code,Name,Continent,Region,SurfaceArea,IndepYear,Population,LifeExpectancy,GNP,GNPOld,LocalName,GovernmentForm,Capital,Code2
NIU,Niue,Oceania,Polynesia,260.00,NULL,2000,NULL,0.00,NULL,Niue,Nonmetropolitan Territory of New Zealand,2805,NU
MLT,Malta,Europe,Southern Europe,316.00,1964,380200,77.9,3512.00,3338.00,Malta,Republic,2484,MT
IRL,Ireland,Europe,British Islands,70273.00,1921,3775100,76.8,75921.00,73132.00,Ireland/Éire,Republic,1447,IE
TON,Tonga,Oceania,Polynesia,650.00,1970,99000,67.9,146.00,170.00,Tonga,Monarchy,3334,TO
ERI,Eritrea,Africa,Eastern Africa,117600.00,1993,3850000,55.8,650.00,755.00,Ertra,Republic,652,ER
GHA,Ghana,Africa,Western Africa,238533.00,1957,20212000,57.4,7137.00,6884.00,Ghana,Republic,910,GH
SGP,Singapore,Asia,Southeast Asia,618.00,1965,3567000,80.1,86503.00,96318.00,Singapore/Singapura/Xinjiapo/Singapur,Republic,3208,SG
ZAF,South Africa,Africa,Southern Africa,1221037.00,1910,40377000,51.1,116729.00,129092.00,South Africa,Republic,716,ZA
YUG,Yugoslavia,Europe,Southern Europe,102173.00,1918,10640000,72.4,17000.00,NULL,Jugoslavija,Federal Republic,1792,YU
TKM,Turkmenistan,Asia,Southern and Central Asia,488100.00,1991,4459000,60.9,4397.00,2000.00,Türkmenostan,Republic,3419,TM
IND,India,Asia,Southern and Central Asia,3287263.00,1947,1013662000,62.5,447114.00,430572.00,Bharat/India,Federal Republic,1109,IN
CXR,Christmas Island,Oceania,Australia and New Zealand,135.00,NULL,2500,NULL,0.00,NULL,Christmas Island,Territory of Australia,1791,CX
SPM,Saint Pierre and Miquelon,North America,North America,242.00,NULL,7000,77.6,0.00,NULL,Saint-Pierre-et-Miquelon,Territorial Collectivity of France,3067,PM
HKG,Hong Kong,Asia,Eastern Asia,1075.00,NULL,6782000,79.5,166448.00,173610.00,Xianggang/Hong Kong,Special Administrative Region of China,937,HK
MCO,Monaco,Europe,Western Europe,1.50,1861,34000,78.8,776.00,NULL,Monaco,Constitutional Monarchy,2695,MC
TJK,Tajikistan,Asia,Southern and Central Asia,143100.00,1991,6188000,64.1,1990.00,1056.00,Toçikiston,Republic,3261,TJ
CMR,Cameroon,Africa,Central Africa,475442.00,1960,15085000,54.8,9174.00,8596.00,Cameroun/Cameroon,Republic,1804,CM
DJI,Djibouti,Africa,Eastern Africa,23200.00,1977,638000,50.8,382.00,373.00,Djibouti/Jibuti,Republic,585,DJ
CHN,China,Asia,Eastern Asia,9572900.00,-1523,1277558000,71.4,982268.00,917719.00,Zhongquo,People'sRepublic,1891,CN
BDI,Burundi,Africa,Eastern Africa,27834.00,1962,6695000,46.2,903.00,982.00,Burundi/Uburundi,Republic,552,BI
AIA,Anguilla,North America,Caribbean,96.00,NULL,8000,76.1,63.20,NULL,Anguilla,Dependent Territory of the UK,62,AI
ETH,Ethiopia,Africa,Eastern Africa,1104300.00,-1000,62565000,45.2,6353.00,6180.00,YeItyop´iya,Republic,756,ET
KOR,South Korea,Asia,Eastern Asia,99434.00,1948,46844000,74.4,320749.00,442544.00,Taehan Min’guk (Namhan),Republic,2331,KR
KGZ,Kyrgyzstan,Asia,Southern and Central Asia,199900.00,1991,4699000,63.4,1626.00,1767.00,Kyrgyzstan,Republic,2253,KG
PRK,North Korea,Asia,Eastern Asia,120538.00,1948,24039000,70.7,5332.00,NULL,Choson Minjujuui In´min Konghwaguk (Bukhan),Socialistic Republic,2318,KP
PLW,Palau,Oceania,Micronesia,459.00,1994,19000,68.6,105.00,NULL,Belau/Palau,Republic,2881,PW
BRB,Barbados,North America,Caribbean,430.00,1966,270000,73.0,2223.00,2186.00,Barbados,Constitutional Monarchy,174,BB
HND,Honduras,North America,Central America,112088.00,1838,6485000,69.9,5333.00,4697.00,Honduras,Republic,933,HN
CYM,Cayman Islands,North America,Caribbean,264.00,NULL,38000,78.9,1263.00,1186.00,Cayman Islands,Dependent Territory of the UK,553,KY
GRL,Greenland,North America,North America,2166090.00,NULL,56000,68.1,0.00,NULL,Kalaallit Nunaat/Grønland,Part of Denmark,917,GL
NER,Niger,Africa,Western Africa,1267000.00,1960,10730000,41.3,1706.00,1580.00,Niger,Republic,2738,NE
YEM,Yemen,Asia,Middle East,527968.00,1918,18112000,59.8,6041.00,5729.00,Al-Yaman,Republic,1780,YE
WLF,Wallis and Futuna,Oceania,Polynesia,200.00,NULL,15000,NULL,0.00,NULL,Wallis-et-Futuna,Nonmetropolitan Territory of France,3536,WF
BEN,Benin,Africa,Western Africa,112622.00,1960,6097000,50.2,2357.00,2141.00,Bénin,Republic,187,BJ
LCA,Saint Lucia,North America,Caribbean,622.00,1979,154000,72.3,571.00,NULL,Saint Lucia,Constitutional Monarchy,3065,LC
JOR,Jordan,Asia,Middle East,88946.00,1946,5083000,77.4,7526.00,7051.00,Al-Urdunn,Constitutional Monarchy,1786,JO
FRO,Faroe Islands,Europe,Nordic Countries,1399.00,NULL,43000,78.4,0.00,NULL,Føroyar,Part of Denmark,901,FO
MMR,Myanmar,Asia,Southeast Asia,676578.00,1948,45611000,54.9,180375.00,171028.00,Myanma Pye,Republic,2710,MM
AND,Andorra,Europe,Southern Europe,468.00,1278,78000,83.5,1630.00,NULL,Andorra,Parliamentary Coprincipality,55,AD
GLP,Guadeloupe,North America,Caribbean,1705.00,NULL,456000,77.0,3501.00,NULL,Guadeloupe,Overseas Department of France,919,GP
LVA,Latvia,Europe,Baltic Countries,64589.00,1991,2424200,68.4,6398.00,5639.00,Latvija,Republic,2434,LV
MSR,Montserrat,North America,Caribbean,102.00,NULL,11000,78.0,109.00,NULL,Montserrat,Dependent Territory of the UK,2697,MS
VUT,Vanuatu,Oceania,Melanesia,12189.00,1980,190000,60.6,261.00,246.00,Vanuatu,Republic,3537,VU
TZA,Tanzania,Africa,Eastern Africa,883749.00,1961,33517000,52.3,8005.00,7388.00,Tanzania,Republic,3306,TZ
MRT,Mauritania,Africa,Western Africa,1025520.00,1960,2670000,50.8,998.00,1081.00,Muritaniya/Mauritanie,Republic,2509,MR
GIN,Guinea,Africa,Western Africa,245857.00,1958,7430000,45.6,2352.00,2383.00,Guinée,Republic,926,GN
MKD,Macedonia,Europe,Southern Europe,25713.00,1991,2024000,73.8,1694.00,1915.00,Makedonija,Republic,2460,MK
NCL,New Caledonia,Oceania,Melanesia,18575.00,NULL,214000,72.8,3563.00,NULL,Nouvelle-Calédonie,Nonmetropolitan Territory of France,3493,NC
VAT,Holy See (Vatican City State),Europe,Southern Europe,0.40,1929,1000,NULL,9.00,NULL,Santa Sede/Città del Vaticano,Independent Church State,3538,VA
FIN,Finland,Europe,Nordic Countries,338145.00,1917,5171300,77.4,121914.00,119833.00,Suomi,Republic,3236,FI
ESP,Spain,Europe,Southern Europe,505992.00,1492,39441700,78.8,553233.00,532031.00,España,Constitutional Monarchy,653,ES
FRA,France,Europe,Western Europe,551500.00,843,59225700,78.8,1424285.00,1392448.00,France,Republic,2974,FR
IDN,Indonesia,Asia,Southeast Asia,1904569.00,1945,212107000,68.0,84982.00,215002.00,Indonesia,Republic,939,ID
SVN,Slovenia,Europe,Southern Europe,20256.00,1991,1987800,74.9,19756.00,18202.00,Slovenija,Republic,3212,SI
WSM,Samoa,Oceania,Polynesia,2831.00,1962,180000,69.2,141.00,157.00,Samoa,Parlementary Monarchy,3169,WS
UGA,Uganda,Africa,Eastern Africa,241038.00,1962,21778000,42.9,6313.00,6887.00,Uganda,Republic,3425,UG
BTN,Bhutan,Asia,Southern and Central Asia,47000.00,1910,2124000,52.4,372.00,383.00,Druk-Yul,Monarchy,192,BT
BLZ,Belize,North America,Central America,22696.00,1981,241000,70.9,630.00,616.00,Belize,Constitutional Monarchy,185,BZ
ATG,Antigua and Barbuda,North America,Caribbean,442.00,1981,68000,70.5,612.00,584.00,Antigua and Barbuda,Constitutional Monarchy,63,AG
TGO,Togo,Africa,Western Africa,56785.00,1960,4629000,54.7,1449.00,1400.00,Togo,Republic,3332,TG
BLR,Belarus,Europe,Eastern Europe,207600.00,1991,10236000,68.0,13714.00,NULL,Belarus,Republic,3520,BY
ASM,American Samoa,Oceania,Polynesia,199.00,NULL,68000,75.1,334.00,NULL,Amerika Samoa,US Territory,54,AS
CZE,Czech Republic,Europe,Eastern Europe,78866.00,1993,10278100,74.5,55017.00,52037.00,¸esko,Republic,3339,CZ
URY,Uruguay,South America,South America,175016.00,1828,3337000,75.2,20831.00,19967.00,Uruguay,Republic,3492,UY
DEU,Germany,Europe,Western Europe,357022.00,1955,82164700,77.4,2133367.00,2102826.00,Deutschland,Federal Republic,3068,DE
IOT,British Indian Ocean Territory,Africa,Eastern Africa,78.00,NULL,0,NULL,0.00,NULL,British Indian Ocean Territory,Dependent Territory of the UK,NULL,IO
RUS,Russian Federation,Europe,Eastern Europe,17075400.00,1991,146934000,67.2,276608.00,442989.00,Rossija,Federal Republic,3580,RU
BVT,Bouvet Island,Antarctica,Antarctica,59.00,NULL,0,NULL,0.00,NULL,Bouvetøya,Dependent Territory of Norway,NULL,BV
CRI,Costa Rica,North America,Central America,51100.00,1821,4023000,75.8,10226.00,9757.00,Costa Rica,Republic,584,CR
ALB,Albania,Europe,Southern Europe,28748.00,1912,3401200,71.6,3205.00,2500.00,Shqipëria,Republic,34,AL
GMB,Gambia,Africa,Western Africa,11295.00,1965,1305000,53.2,320.00,325.00,The Gambia,Republic,904,GM
NPL,Nepal,Asia,Southern and Central Asia,147181.00,1769,23930000,57.8,4768.00,4837.00,Nepal,Constitutional Monarchy,2729,NP
GTM,Guatemala,North America,Central America,108889.00,1821,11385000,66.2,19008.00,17797.00,Guatemala,Republic,922,GT
USA,United States,North America,North America,9363520.00,1776,278357000,77.1,8510700.00,8110900.00,United States,Federal Republic,3813,US
ISR,Israel,Asia,Middle East,21056.00,1948,6217000,78.6,97477.00,98577.00,Yisra’el/Isra’il,Republic,1450,IL
PRT,Portugal,Europe,Southern Europe,91982.00,1143,9997600,75.8,105954.00,102133.00,Portugal,Republic,2914,PT
IRQ,Iraq,Asia,Middle East,438317.00,1932,23115000,66.5,11500.00,NULL,Al-´Iraq,Republic,1365,IQ
EGY,Egypt,Africa,Northern Africa,1001449.00,1922,68470000,63.3,82710.00,75617.00,Misr,Republic,608,EG
CUB,Cuba,North America,Caribbean,110861.00,1902,11201000,76.2,17843.00,18862.00,Cuba,Socialistic Republic,2413,CU
BIH,Bosnia and Herzegovina,Europe,Southern Europe,51197.00,1992,3972000,71.5,2841.00,NULL,Bosna i Hercegovina,Federal Republic,201,BA
SEN,Senegal,Africa,Western Africa,196722.00,1960,9481000,62.2,4787.00,4542.00,Sénégal/Sounougal,Republic,3198,SN
MDG,Madagascar,Africa,Eastern Africa,587041.00,1960,15942000,55.0,3750.00,3545.00,Madagasikara/Madagascar,Federal Republic,2455,MG
SYR,Syria,Asia,Middle East,185180.00,1941,16125000,68.5,65984.00,64926.00,Suriya,Republic,3250,SY
ITA,Italy,Europe,Southern Europe,301316.00,1861,57680000,79.0,1161755.00,1145372.00,Italia,Republic,1464,IT
COK,Cook Islands,Oceania,Polynesia,236.00,NULL,20000,71.1,100.00,NULL,The Cook Islands,Nonmetropolitan Territory of New Zealand,583,CK
ATF,French Southern territories,Antarctica,Antarctica,7780.00,NULL,0,NULL,0.00,NULL,Terres australes françaises,Nonmetropolitan Territory of France,NULL,TF
DZA,Algeria,Africa,Northern Africa,2381741.00,1962,31471000,69.7,49982.00,46966.00,Al-Jaza’ir/Algérie,Republic,35,DZ
MUS,Mauritius,Africa,Eastern Africa,2040.00,1968,1158000,71.0,4251.00,4186.00,Mauritius,Republic,2511,MU
GRC,Greece,Europe,Southern Europe,131626.00,1830,10545700,78.4,120724.00,119946.00,Elláda,Republic,2401,GR
GUM,Guam,Oceania,Micronesia,549.00,NULL,168000,77.8,1197.00,1136.00,Guam,US Territory,921,GU
LBR,Liberia,Africa,Western Africa,111369.00,1847,3154000,51.0,2012.00,NULL,Liberia,Republic,2440,LR
ZMB,Zambia,Africa,Eastern Africa,752618.00,1964,9169000,37.2,3377.00,3922.00,Zambia,Republic,3162,ZM
NFK,Norfolk Island,Oceania,Australia and New Zealand,36.00,NULL,2000,NULL,0.00,NULL,Norfolk Island,Territory of Australia,2806,NF
KAZ,Kazakstan,Asia,Southern and Central Asia,2724900.00,1991,16223000,63.2,24375.00,23383.00,Qazaqstan,Republic,1864,KZ
TUR,Turkey,Asia,Middle East,774815.00,1923,66591000,71.0,210721.00,189122.00,Türkiye,Republic,3358,TR
PRY,Paraguay,South America,South America,406752.00,1811,5496000,73.7,8444.00,9555.00,Paraguay,Republic,2885,PY
SJM,Svalbard and Jan Mayen,Europe,Nordic Countries,62422.00,NULL,3200,NULL,0.00,NULL,Svalbard og Jan Mayen,Dependent Territory of Norway,938,SJ
MOZ,Mozambique,Africa,Eastern Africa,801590.00,1975,19680000,37.5,2891.00,2711.00,Moçambique,Republic,2698,MZ
MTQ,Martinique,North America,Caribbean,1102.00,NULL,395000,78.3,2731.00,2559.00,Martinique,Overseas Department of France,2508,MQ
IRN,Iran,Asia,Southern and Central Asia,1648195.00,1906,67702000,69.7,195746.00,160151.00,Iran,Islamic Republic,1380,IR
STP,Sao Tome and Principe,Africa,Central Africa,964.00,1975,147000,65.3,6.00,NULL,São Tomé e Príncipe,Republic,3172,ST
BWA,Botswana,Africa,Southern Africa,581730.00,1966,1622000,39.3,4834.00,4935.00,Botswana,Republic,204,BW
DOM,Dominican Republic,North America,Caribbean,48511.00,1844,8495000,73.2,15846.00,15076.00,República Dominicana,Republic,587,DO
PER,Peru,South America,South America,1285216.00,1821,25662000,70.0,64140.00,65186.00,Perú/Piruw,Republic,2890,PE
LKA,Sri Lanka,Asia,Southern and Central Asia,65610.00,1948,18827000,71.8,15706.00,15091.00,Sri Lanka/Ilankai,Republic,3217,LK
GUY,Guyana,South America,South America,214969.00,1966,861000,64.0,722.00,743.00,Guyana,Republic,928,GY
POL,Poland,Europe,Eastern Europe,323250.00,1918,38653600,73.2,151697.00,135636.00,Polska,Republic,2928,PL
DNK,Denmark,Europe,Nordic Countries,43094.00,800,5330000,76.5,174099.00,169264.00,Danmark,Constitutional Monarchy,3315,DK
ANT,Netherlands Antilles,North America,Caribbean,800.00,NULL,217000,74.7,1941.00,NULL,Nederlandse Antillen,Nonmetropolitan Territory of The Netherlands,33,AN
MDV,Maldives,Asia,Southern and Central Asia,298.00,1965,286000,62.2,199.00,NULL,Dhivehi Raajje/Maldives,Republic,2463,MV
LBY,Libyan Arab Jamahiriya,Africa,Northern Africa,1759540.00,1951,5605000,75.5,44806.00,40562.00,Libiya,Socialistic State,2441,LY
LUX,Luxembourg,Europe,Western Europe,2586.00,1867,435700,77.1,16321.00,15519.00,Luxembourg/Lëtzebuerg,Constitutional Monarchy,2452,LU
PNG,Papua New Guinea,Oceania,Melanesia,462840.00,1975,4807000,63.1,4988.00,6328.00,Papua New Guinea/Papua Niugini,Constitutional Monarchy,2884,PG
PRI,Puerto Rico,North America,Caribbean,8875.00,NULL,3869000,75.6,34100.00,32100.00,Puerto Rico,Commonwealth of the US,2919,PR
